,0
Fortnite,460361.05194805196
League of Legends,171163.14285714287
Minecraft,134098.25974025973
Counter-Strike: Global Offensive,121862.23376623377
Apex Legends,103933.1948051948
Overwatch,99773.7012987013
Call of Duty: Warzone,91012.8051948052
Tom Clancy's Rainbow Six Siege,96924.01298701299
Grand Theft Auto V,88988.12987012987
Rocket League,81236.7012987013
VALORANT,72115.03896103895
PLAYERUNKNOWN'S BATTLEGROUNDS,70229.90909090909
World of Warcraft,54434.27272727273
Call Of Duty: Modern Warfare,50129.06493506493
Dead by Daylight,48131.31168831169
Call of Duty: Black Ops III,39452.61038961039
Destiny 2,38699.06493506493
Dota 2,32490.285714285714
Call of Duty: Black Ops 4,34394.62337662338
Among Us,25459.935064935064
osu!,24487.922077922078
Call of Duty: Black Ops Cold War,22000.428571428572
Roblox,22307.87012987013
Hearthstone,20527.376623376622
IRL,19022.077922077922
Phasmophobia,19164.974025974025
Fall Guys: Ultimate Knockout,17397.766233766233
Destiny,17100.532467532466
Sea of Thieves,17646.584415584417
Dark Souls III,16219.636363636364
FIFA 21,14731.74025974026
SMITE,14976.142857142857
Teamfight Tactics,14133.948051948051
Genshin Impact,15634.012987012988
Rust,14021.376623376624
Red Dead Redemption 2,14396.038961038961
Escape From Tarkov,12769.454545454546
Monster Hunter: World,13154.42857142857
Warframe,12888.142857142857
Paladins,11768.246753246753
ARK: Survival Evolved,11071.324675324675
Battlefield 1,10938.532467532468
Tom Clancy's The Division,10294.285714285714
FIFA 20,9558.597402597403
World of Tanks,10264.857142857143
Z1: Battle Royale,9574.376623376624
The Elder Scrolls V: Skyrim,9913.12987012987
Games + Demos,10886.57142857143
NBA 2K21,9130.311688311689
Heroes of the Storm,9360.285714285714
Diablo III,9578.35064935065
Path of Exile,9508.142857142857
Stardew Valley,9328.844155844155
Call of Duty: WWII,8725.805194805194
FINAL FANTASY XIV Online,8938.896103896104
Euro Truck Simulator 2,8799.103896103896
Fallout 4,7811.623376623376
The Sims 4,8225.662337662337
The Witcher 3: Wild Hunt,7818.935064935065
DayZ,7816.038961038961
FIFA 19,9861.142857142857
NBA 2K20,6962.2467532467535
The Forest,7778.454545454545
Black Desert Online,7531.090909090909
7 Days to Die,7119.805194805195
Terraria,6991.181818181818
Battlefield V,8491.636363636364
Super Smash Bros. Ultimate,7557.701298701299
The Elder Scrolls Online,6681.038961038961
Bloodborne,6626.467532467533
Rogue Company,5649.831168831169
NBA 2K19,7736.272727272727
FIFA 18,5703.805194805195
For Honor,6003.636363636364
PUBG Mobile,6510.2467532467535
Halo: The Master Chief Collection,5703.103896103896
Tekken 7,5666.818181818182
Garena Free Fire,5616.194805194805
Retro,5393.727272727273
StarCraft II,5473.363636363636
Brawlhalla,5367.649350649351
RuneScape,5213.584415584415
Dark Souls,5405.7532467532465
Resident Evil 7 biohazard,4879.506493506494
Arma 3,5185.779220779221
Sekiro: Shadows Die Twice,4880.12987012987
NBA 2K16,4710.077922077922
Tom Clancy's The Division 2,4693.220779220779
NBA 2K17,5102.0
Magic: The Gathering,5354.454545454545
VRChat,5129.324675324675
Call of Duty: Infinite Warfare,4989.506493506494
Resident Evil 2,5398.233766233766
Battlefield 4,4503.168831168831
Dragon Ball FighterZ,4592.74025974026
Garry's Mod,4662.012987012987
Street Fighter V,4549.8441558441555
Hunt: Showdown,4557.064935064935
FIFA 17,4688.662337662337
Marbles On Stream,4623.207792207792
FIFA 16,4017.5714285714284
Subnautica,4701.38961038961
Madden NFL 20,4013.1688311688313
Old School RuneScape,4737.87012987013
Pok<U+00E9>mon Sword/Shield,4210.87012987013
Cyberpunk 2077,3932.1428571428573
Animal Crossing: New Horizons,4174.701298701299
Valheim,4154.090909090909
New World,6407.857142857143
Call of Duty: Mobile,4137.675324675325
Escape from Tarkov,4394.961038961039
Dungeons & Dragons,4093.1688311688313
Friday the 13th: The Game,3645.1688311688313
Jackbox Party Packs,3941.8311688311687
Borderlands 2,3991.2597402597403
Madden NFL 21,3598.6103896103896
Hollow Knight,4077.5584415584417
World of Warships,3929.8571428571427
Realm Royale,4729.38961038961
Mortal Kombat 11,3488.3896103896104
God of War,3889.4025974025976
Mario Kart 8,3673.4545454545455
NBA 2K18,3314.103896103896
Call of Duty: Modern Warfare Remastered,3288.4155844155844
The Legend of Zelda: Breath of the Wild,3571.4545454545455
Forza Horizon 4,3738.103896103896
Gartic Phone,3704.5194805194806
Halo 5: Guardians,3329.4935064935066
Star Wars Battlefront II,3155.0779220779223
Madden NFL 17,3458.4935064935066
Clash Royale,3448.753246753247
Tibia,3410.038961038961
Don't Starve Together,3381.3246753246754
Madden NFL 19,4281.805194805195
Brawl Stars,3367.1688311688313
Madden NFL 18,2873.948051948052
Borderlands 3,2860.805194805195
Farming Simulator 19,3038.3896103896104
Splitgate,3482.3636363636365
Resident Evil Village,2947.896103896104
Beat Saber,3231.987012987013
Outlast,2972.5584415584417
Ring Of Elysium,4364.87012987013
The Binding of Isaac: Afterbirth,2873.6753246753246
Guild Wars 2,2931.7922077922076
Chess,2824.5194805194806
Gears of War 4,3175.155844155844
No Man's Sky,2685.4935064935066
Final Fantasy XIV Online,3279.5714285714284
Gears 5,2472.844155844156
MapleStory,2692.0779220779223
Fallout 76,2832.0
Left 4 Dead 2,2410.6363636363635
War Thunder,2519.974025974026
The Last of Us,2319.714285714286
Back 4 Blood,3289.6363636363635
Raft,2378.2337662337663
Hades,2346.090909090909
Paragon,2333.844155844156
iRacing,2346.5324675324673
F1 2020,2124.8311688311687
Madden NFL 16,2116.818181818182
PUBG: BATTLEGROUNDS,2866.2727272727275
RimWorld,2334.4415584415583
Dauntless,2082.5844155844156
Slay the Spire,2385.5844155844156
Super Mario 64,2259.753246753247
Darkest Dungeon,2286.5194805194806
Detroit: Become Human,2119.2727272727275
DOOM,2103.5324675324673
Pummel Party,2017.5324675324675
FIFA 22,3934.051948051948
Super Smash Bros. Melee,2147.974025974026
Cuphead,2040.8961038961038
Legends of Runeterra,1925.012987012987
Assassin's Creed Valhalla,1833.6623376623377
Grand Theft Auto: San Andreas,2034.2857142857142
Warcraft III,1993.2987012987012
Marvel's Spider-Man,2842.6623376623374
Assassin's Creed: Odyssey,2215.051948051948
Slots,2008.012987012987
Ghost of Tsushima,1769.051948051948
Twitch Sings,1766.0
Dark Souls II: Scholar of the First Sin,1891.5194805194806
Final Fantasy XV,1748.051948051948
Dying Light,1920.948051948052
Far Cry 5,1699.974025974026
Star Citizen,1830.4285714285713
Blade & Soul,1717.844155844156
Conan Exiles,1678.909090909091
Ark: Survival Evolved,2012.1168831168832
The Last of Us Part II,1628.5194805194806
Team Fortress 2,1645.8051948051948
DOOM Eternal,1600.5844155844156
Super Mario Maker 2,1619.4675324675325
The Legend of Zelda: Ocarina of Time,1727.5584415584415
Pok<U+00E9>mon Unite,2172.051948051948
Hyper Scape,1514.7012987012988
Risk of Rain 2,1502.5064935064936
It Takes Two,1494.2467532467533
Star Wars Jedi: Fallen Order,1487.1038961038962
Outriders,1419.1688311688313
LOST ARK,1639.6623376623377
Final Fantasy VII Remake,1364.7272727272727
Final Fantasy XIV: Heavensward,1425.0
Age of Empires II,1521.8311688311687
Anthem,2109.844155844156
GeoGuessr,1426.948051948052
Horizon Zero Dawn,1301.6623376623377
NBA 2K22,2576.103896103896
Knockout City,1247.3766233766235
Spellbreak,1237.8051948051948
Mortal Kombat X,1583.8181818181818
World War Z,1212.3896103896104
Lineage II: The Chaotic Throne - The 1st Throne: The Kamael,1324.2337662337663
Tom Clancy's Ghost Recon: Wildlands,1181.1038961038962
Days Gone,1173.4675324675325
Yu-Gi-Oh! Duel Links,1309.0
Gwent: The Witcher Card Game,1243.8701298701299
Alien: Isolation,1408.4415584415585
Quake Champions,1203.077922077922
Uncharted 4: A Thief's End,1127.8831168831168
Battlerite,1225.6363636363637
The Binding of Isaac: Repentance,1275.7922077922078
League of Legends: Wild Rift,1275.090909090909
Cities: Skylines,1128.922077922078
Minecraft Dungeons,1079.4935064935064
Splatoon 2,1233.2987012987012
Sid Meier's Civilization VI,1211.5714285714287
Bloons TD 6,1276.2207792207791
Satisfactory,1042.8961038961038
Monster Hunter Rise,1039.6883116883116
Assassin's Creed: Origins,1032.4805194805194
Enter the Gungeon,1070.909090909091
Summoners War: Sky Arena,1104.4025974025974
Titanfall 2,1068.6233766233765
Golf With Your Friends,1021.1818181818181
Albion Online,1017.5194805194806
The Legend of Zelda: A Link to the Past,1091.6233766233765
Super Mario World,1095.4415584415585
Resident Evil 3,966.6753246753246
Little Nightmares II,964.0
Pok<U+00E9>mon Trading Card Game,1098.090909090909
Elite: Dangerous,1124.7142857142858
Call of Duty: Black Ops II,997.7792207792207
Little Nightmares,955.974025974026
DEVOUR,1335.1688311688313
Remnant: From the Ashes,939.8961038961039
skribbl.io,938.1298701298701
Dofus,1029.6363636363637
Super Smash Bros. for Wii U,963.6883116883117
NieR: Automata,992.7272727272727
Nioh,873.3896103896104
MLB The Show 21,935.8311688311688
Diablo II: Resurrected,1478.1168831168832
Farming Simulator 17,964.1948051948052
Outlast 2,1004.9090909090909
Eternal Return: Black Survival,844.7272727272727
PAYDAY 2,893.1428571428571
Death Stranding,818.922077922078
"Pok<U+00E9>mon: Let's Go, Pikachu!",1032.1948051948052
Super Mario Odyssey,868.7402597402597
Dota Underlords,779.7142857142857
Guilty Gear: Strive,915.1038961038961
Demon's Souls,805.2467532467532
Final Fantasy VII,835.1428571428571
Metal Gear Solid V: The Phantom Pain,755.3376623376623
Dead Cells,832.7142857142857
Watch Parties,805.7922077922078
Total War: Warhammer II,819.0909090909091
Grounded,743.9350649350649
Microsoft Flight Simulator,718.7662337662338
SCUM,1122.8311688311687
Shadowverse,798.2467532467532
Overcooked! 2,752.9480519480519
UNO,713.6753246753246
Pok<U+00E9>mon GO,778.038961038961
Factorio,723.7402597402597
Madden NFL 22,1180.0389610389611
Diablo II: Lord of Destruction,781.6623376623377
Crash Bandicoot N. Sane Trilogy,794.4285714285714
Krunker,685.4155844155844
StarCraft,730.6753246753246
Undertale,676.1428571428571
Battlefield 2042,1348.8311688311687
Auto Chess,673.8831168831168
F1 2021,981.8311688311688
Deceit,662.6753246753246
Call of Duty: Vanguard,1217.7662337662337
Devil May Cry 5,654.5454545454545
Darwin Project,651.4155844155844
Divinity: Original Sin II,692.5714285714286
Life is Strange,639.012987012987
Visage,835.1168831168832
Kingdom Hearts III,1340.1688311688313
Injustice 2,627.3376623376623
Dark Souls II,634.8051948051948
MORDHAU,625.961038961039
Fitness & Health,623.7012987012987
Getting Over It with Bennett Foddy,620.4675324675325
Marvel's Avengers,619.974025974026
MLB The Show 20,612.6753246753246
The Outer Worlds,607.9090909090909
They Are Billions,678.6233766233767
Metin2,694.7792207792207
Resident Evil 4,793.6753246753246
F1 2019,598.2337662337662
Human: Fall Flat,597.0
Atlas,769.6623376623377
Sid Meier's Civilization V,628.9350649350649
TrackMania,639.5064935064935
Warhammer: Vermintide 2,569.6363636363636
Until Dawn,578.4545454545455
Social Eating,595.3766233766233
State of Decay 2,550.8181818181819
Mass Effect Legendary Edition,549.0909090909091
Vampire: The Masquerade - Bloodhunt,1097.5584415584415
Kingdom Come: Deliverance,539.2207792207793
DRAGON BALL Z: KAKAROT,533.1948051948052
Raid: Shadow Legends,609.9480519480519
Marvel's Spider-Man: Miles Morales,528.9090909090909
Enlisted,523.1038961038961
Super Mario Maker,569.2467532467532
WWE 2K16,517.0
Killing Floor 2,513.3246753246754
Battalion 1944,511.1948051948052
EA Sports UFC 2,511.1038961038961
Metro Exodus,508.68831168831167
A Way Out,507.94805194805195
Subnautica: Below Zero,610.2857142857143
Jump King,562.2727272727273
Kingdom Hearts HD 1.5 + 2.5 ReMIX,782.5974025974026
Kerbal Space Program,506.2077922077922
Europa Universalis IV,550.025974025974
The Jackbox Party Pack 6,480.76623376623377
MapleStory 2,480.0
Age of Empires II: Definitive Edition,478.4415584415584
XCOM 2,524.3376623376623
Epic Seven,547.5064935064935
Hearts of Iron IV,552.4935064935065
SnowRunner,465.16883116883116
Forza Horizon 3,621.2857142857143
Watch Dogs: Legion,462.72727272727275
Far Cry: Primal,462.24675324675326
Biomutant,456.7922077922078
Pok<U+00E9>mon Ultra Sun/Ultra Moon,489.45454545454544
MLB The Show 19,455.1818181818182
Green Hell,476.46753246753246
Microsoft Flight Simulator X,481.23376623376623
Far Cry 6,895.7142857142857
The Long Dark,553.038961038961
Mount & Blade II: Bannerlord,434.09090909090907
Tabletop Simulator,427.6233766233766
Doki Doki Literature Club!,421.5064935064935
EVE Online,442.3376623376623
Golf It!,418.2987012987013
TERA,418.2597402597403
Conqueror's Blade,452.76623376623377
Knight Online,516.4675324675325
Watch Dogs 2,412.05194805194805
Portal 2,563.7272727272727
Farming Simulator 15,439.4805194805195
Monster Hunter World: Iceborne,404.9220779220779
Naraka: Bladepoint,557.3896103896104
Tabletop RPGs,465.2857142857143
Mafia III,734.6233766233767
NHL 21,390.93506493506493
Tom Clancy's Ghost Recon: Breakpoint,386.012987012987
Oxygen Not Included,403.2207792207792
HITMAN,376.31168831168833
Halo Infinite,649.2987012987013
The Culling,369.5064935064935
Naruto Shippuden: Ultimate Ninja Storm 4,368.61038961038963
Persona 5,366.85714285714283
Code Vein,366.1168831168831
NHL 16,363.3376623376623
Neverwinter,361.8831168831169
Radical Heights,360.5584415584416
The Dark Pictures Anthology: Little Hope,360.2077922077922
Call of Duty: Modern Warfare 2,506.6363636363636
The Evil Within 2,357.4025974025974
South Park: The Fractured But Whole,357.3766233766234
Mario Kart 8 Deluxe,406.7792207792208
Kartrider,450.68831168831167
Temtem,341.6623376623377
Geometry Dash,341.4935064935065
Rise of the Tomb Raider,430.7012987012987
New Pok<U+00E9>mon Snap,340.5974025974026
The Elder Scrolls: Legends,382.12987012987014
Twelve Minutes,433.987012987013
Jurassic World Evolution,358.84415584415586
The Medium,336.2207792207792
Totally Accurate Battlegrounds,335.94805194805195
Nioh 2,334.94805194805195
Kena: Bridge of Spirits,668.4415584415584
Prey,332.7012987012987
Spyro Reignited Trilogy,332.1948051948052
Middle-earth: Shadow of War,332.12987012987014
Celeste,525.1688311688312
Shadow of the Tomb Raider,565.025974025974
Pok<U+00E9>mon Sun/Moon,327.16883116883116
Squad,324.7142857142857
Football Manager 2021,321.1038961038961
Gears of War: Ultimate Edition,320.54545454545456
Blair Witch,318.038961038961
Heroes of Might and Magic III: The Shadow of Death,357.0779220779221
The Dark Pictures Anthology: Man of Medan,315.9220779220779
Clash of Clans,315.4155844155844
Layers of Fear,341.12987012987014
Fallout: New Vegas,313.94805194805195
Crossout,313.84415584415586
Battleborn,313.09090909090907
Scavengers,312.7922077922078
Football Manager 2020,309.93506493506493
Lineage 2,354.6753246753247
Tony Hawk's Pro Skater 1+2,309.3246753246753
Ori and the Will of the Wisps,308.2857142857143
Resident Evil,425.90909090909093
Artifact,372.0779220779221
Eternal Return,404.72727272727275
Crash Team Racing Nitro-Fueled,298.1818181818182
PICO PARK,402.46753246753246
Call of Duty: Ghosts,325.4935064935065
MLB The Show 16,290.94805194805195
Chivalry 2,289.987012987013
NHL 20,289.2597402597403
Muck,285.7012987012987
Wolcen: Lords of Mayhem,282.15584415584414
Project Zomboid,361.038961038961
Life is Strange: Before the Storm,273.0779220779221
Mass Effect: Andromeda,269.8831168831169
Star Wars: Squadrons,269.2597402597403
Pok<U+00E9>mon Platinum,267.5974025974026
American Truck Simulator,266.1038961038961
House Flipper,264.7792207792208
SoulCalibur VI,284.02597402597405
Anno 1800,263.16883116883116
Phantasy Star Online 2,263.15584415584414
Frostpunk,260.93506493506493
FRIDAY NIGHT FUNKIN',259.57142857142856
Casino_old,276.0779220779221
Spelunky 2,258.4805194805195
Monopoly Plus,257.1168831168831
Killer Instinct,256.76623376623377
FTL: Faster Than Light,274.76623376623377
Middle-earth: Shadow of Mordor,254.93506493506493
Pok<U+00E9>mon Omega Ruby/Alpha Sapphire,279.1948051948052
Evolve,253.5194805194805
CreativeDestruction,253.28571428571428
Stellaris,252.93506493506493
Slime Rancher,251.42857142857142
WWE 2K17,326.2987012987013
The Crew 2,249.02597402597402
Yakuza 0,275.16883116883116
Life is Strange 2,428.1948051948052
MLB The Show 18,246.5064935064935
Returnal,242.44155844155844
Need for Speed: Heat,241.94805194805195
The Evil Within,268.27272727272725
Battlerite Royale,296.7142857142857
Jump Force,240.0909090909091
The Legend of Zelda: Skyward Sword HD,239.80519480519482
Tribes of Midgard,255.53246753246754
Gang Beasts,325.76623376623377
Axie Infinity,372.7012987012987
Agar.io,237.93506493506493
ASTRONEER,232.98701298701297
Persona 5 Royal,231.94805194805195
Stream Raiders,253.8181818181818
Super Mario Sunshine,235.85714285714286
In Silence,230.1818181818182
Mafia: Definitive Edition,229.92207792207793
HITMAN 3,229.72727272727272
Fate/Grand Order,284.9220779220779
Far Cry New Dawn,221.93506493506493
Deathgarden: BLOODHARVEST,221.3896103896104
Dragon Ball: Xenoverse 2,313.46753246753246
Islands of Nyne: Battle Royale,219.71428571428572
GTFO,216.80519480519482
LawBreakers,216.42857142857142
SpongeBob SquarePants: Battle for Bikini Bottom - Rehydrated,214.80519480519482
Half-Life: Alyx,212.19480519480518
Virtual Casino,239.84415584415584
TrackMania 2: Stadium,211.25974025974025
Arena of Valor,232.36363636363637
Splitgate: Arena Warfare,210.7012987012987
The Legend of Zelda: Majora's Mask,237.14285714285714
Ghostrunner,210.28571428571428
Infestation: The New Z,210.06493506493507
HITMAN 2,209.07792207792207
Metroid Dread,415.2207792207792
Super Mario 3D World + Bowser's Fury,206.98701298701297
Planet Zoo,206.88311688311688
Ori and the Blind Forest,216.54545454545453
Demon Slayer -Kimetsu no Yaiba- The Hinokami Chronicles,412.7012987012987
Heroes of Newerth,217.54545454545453
Party Animals,203.44155844155844
Tales of Arise,403.9220779220779
Project Winter,201.54545454545453
Wolfenstein II: The New Colossus,200.5194805194805
Diablo II,228.1818181818182
The Legend of Zelda: Link's Awakening,195.25974025974025
Control,194.27272727272728
I'm Only Sleeping,275.4155844155844
Total War: Warhammer,193.1818181818182
Fire Emblem: Three Houses,190.3116883116883
Football Manager 2019,249.42857142857142
Pok<U+00E9>mon FireRed/LeafGreen,188.41558441558442
Super Mario 3D All-Stars,187.88311688311688
The Dark Pictures Anthology: House of Ashes,372.6233766233766
Ratchet & Clank: Rift Apart,186.06493506493507
MLB The Show 17,185.85714285714286
Sonic Mania,184.6883116883117
Bloodstained: Ritual of the Night,184.4935064935065
Granblue Fantasy: Versus,181.7922077922078
PGA TOUR 2K21,205.1818181818182
Baldur's Gate 3,179.96103896103895
EA Sports UFC 3,177.37662337662337
Vainglory,184.71428571428572
NieR Replicant Ver.1.22474487139...,175.53246753246754
Russian Fishing 4,189.07792207792207
E3 2018,173.32467532467533
Crucible,173.2987012987013
Miscreated,191.80519480519482
Ragnarok Online,172.06493506493507
Vampyr,171.03896103896105
theHunter: Call of the Wild,168.67532467532467
Mortal Shell,168.66233766233765
Persona 5 Strikers,168.24675324675326
Luigi's Mansion 3,167.97402597402598
Untitled Goose Game,166.24675324675326
Halo: Reach,165.94805194805195
Borderlands,165.53246753246754
Steep,164.84415584415584
Mount & Blade: Warband,161.63636363636363
Loop Hero,161.0
Poppy Playtime,320.8831168831169
Starbound,159.35064935064935
Life is Strange: True Colors,315.09090909090907
Crypto,202.83116883116884
Guitar Hero III: Legends of Rock,156.4025974025974
Ni no Kuni II: Revenant Kingdom,155.27272727272728
Two Point Hospital,247.66233766233765
Last Oasis,153.94805194805195
Just Cause 3,153.55844155844156
Crusader Kings III,153.36363636363637
Outward,153.32467532467533
Hand Simulator,152.01298701298703
We Happy Few,151.8961038961039
Trove,151.45454545454547
Paper Mario: The Origami King,151.16883116883116
NHL 19,199.27272727272728
Gas Station Simulator,299.84415584415586
Skul: The Hero Slayer,149.19480519480518
My Summer Car,161.05194805194805
Planet Coaster,148.83116883116884
Noita,147.19480519480518
Minion Masters,146.97402597402598
Dungeons & Dragons: Dark Alliance,146.76623376623377
ArcheAge,146.12987012987014
Hood: Outlaws & Legends,145.8181818181818
Amnesia: Rebirth,145.53246753246754
DEATHLOOP,290.8831168831169
A Plague Tale: Innocence,145.25974025974025
Dragon's Dogma: Dark Arisen,145.24675324675326
XCOM 2: War of the Chosen,183.76623376623377
Red Dead Redemption,156.35064935064935
Yakuza: Like a Dragon,142.62337662337663
Town of Salem,142.57142857142858
NBA 2K15,141.53246753246754
Hellblade: Senua's Sacrifice,141.36363636363637
Crash Bandicoot 4: It's About Time,141.12987012987014
Graveyard Keeper,175.54545454545453
Mass Effect,179.9090909090909
WWE 2K18,139.64935064935065
Star Wars: The Old Republic,139.2987012987013
Persona 4 Golden,138.63636363636363
DC Universe Online,137.2207792207792
Shadow of the Colossus,136.96103896103895
RAGE 2,136.53246753246754
Super Mario Party,150.64935064935065
SOS,136.15584415584416
The Walking Dead: The Final Season,175.19480519480518
South Park: The Stick of Truth,135.7922077922078
Gigantic,135.55844155844156
Welcome to the Game II,134.62337662337663
ALTF4,134.3116883116883
Dragon Quest IV,199.75324675324674
Pok<U+00E9>mon HeartGold/SoulSilver,132.67532467532467
Quiplash,132.5194805194805
NieR Replicant ver.1.22474487139...,132.2207792207792
Streets of Rage 4,132.07792207792207
Tree of Savior,131.97402597402598
Wizard of Legend,131.35064935064935
Aliens: Fireteam Elite,131.0909090909091
Heroes of Might and Magic III: The Restoration of Erathia,149.84415584415584
Marvel vs. Capcom: Infinite,129.83116883116884
Age of Empires IV,257.06493506493507
Grand Chase,127.75324675324676
Final Fantasy X/X-2 HD Remaster,127.48051948051948
Mario Golf: Super Rush,126.3896103896104
Super Metroid,161.74025974025975
Bless Online,125.57142857142857
Outlast II,124.58441558441558
Deus Ex: Mankind Divided,124.48051948051948
Grim Dawn,124.44155844155844
Dishonored 2,124.25974025974025
For The King,123.81818181818181
The Jackbox Party Pack 4,122.37662337662337
Football Manager 2018,134.76623376623377
Attack on Titan,121.0
Kantai Collection,129.41558441558442
Riders Republic,182.3896103896104
Resident Evil 5,119.64935064935065
Layers of Fear 2,119.49350649350649
Nickelodeon All-Star Brawl,236.9090909090909
Ancestors: The Humankind Odyssey,118.41558441558442
My Friend Pedro,117.8051948051948
Eternal Card Game,143.1038961038961
Don't Starve,117.03896103896103
Total War: Three Kingdoms,116.93506493506493
Darksiders III,116.6103896103896
Absolver,116.51948051948052
Gunfire Reborn,116.42857142857143
Naruto to Boruto: Shinobi Striker,232.7012987012987
Uncharted: The Lost Legacy,116.0
Immortals Fenyx Rising,115.79220779220779
Trials Rising,115.67532467532467
Sword Art Online: Fatal Bullet,115.51948051948052
The Ascent,115.32467532467533
Monster Hunter Stories 2: Wings of Ruin,115.24675324675324
Scrap Mechanic,114.98701298701299
Ratchet & Clank,114.93506493506493
The Seven Deadly Sins: Grand Cross,114.24675324675324
Splatoon,114.23376623376623
The Isle,156.76623376623377
Forager,113.94805194805195
Furi,113.72727272727273
Predator: Hunting Grounds,113.15584415584415
Godfall,112.28571428571429
BlazBlue: Cross Tag Battle,111.48051948051948
Guilty Gear Xrd: Revelator,120.1038961038961
Warface,110.28571428571429
MIR4,220.12987012987014
The Binding of Isaac: Rebirth,109.59740259740259
Rock Band 4,134.8961038961039
Firewatch,109.36363636363636
Tetris,108.83116883116882
Uncharted: The Nathan Drake Collection,107.71428571428571
SCP: Secret Laboratory,107.55844155844156
NHL 17,143.87012987012986
Call of Duty: Black Ops,107.22077922077922
TETRIS 99,107.15584415584415
Twitch Plays,121.54545454545455
Ghost Hunters Corp,105.16883116883118
Phantasy Star Online 2 New Genesis,104.53246753246754
Deltarune: Chapter 1,104.03896103896103
Casino,117.12987012987013
Deep Rock Galactic,102.81818181818181
Nioh 2: The Complete Edition,102.11688311688312
Mass Effect 2,101.7012987012987
Rules of Survival,101.16883116883118
Maneater,100.7012987012987
Octopath Traveler,100.18181818181819
Road 96,138.8961038961039
Battlefield Hardline,98.92207792207792
My Time at Portia,209.4935064935065
Goat Simulator,98.46753246753246
Dishonored,98.24675324675324
Hyrule Warriors: Age Of Calamity,97.85714285714286
A Hat in Time,137.5974025974026
Diabotical,97.76623376623377
World of Warcraft: Battle for Azeroth,97.3896103896104
OVERKILL's The Walking Dead,96.98701298701299
Let It Die,96.75324675324676
Cooking Simulator,96.40259740259741
The Walking Dead: A New Frontier,94.84415584415585
Need for Speed,94.54545454545455
Magic: Legends,94.06493506493507
Call of Duty 4: Modern Warfare,124.6103896103896
Call of Cthulhu,91.6103896103896
Scarlet Nexus,91.40259740259741
Mario Tennis Aces,90.7012987012987
Saint Seiya : Awakening,90.06493506493507
Super Mario Bros. 35,89.64935064935065
Inscryption,178.44155844155844
Secret Neighbor,89.20779220779221
Doki Doki Literature Club Plus!,89.12987012987013
Plants vs Zombies: Garden Warfare 2,89.0
The Jackbox Party Pack 5,88.16883116883118
Need For Speed: Payback,87.93506493506493
Mafia II,102.57142857142857
Bless Unleashed,87.49350649350649
CRSED: F.O.A.D.,87.49350649350649
ELYON,149.23376623376623
Totally Accurate Battle Simulator,87.0
eFootball PES 2020,85.72727272727273
Wasteland 3,85.16883116883118
Psychonauts 2,85.01298701298701
Swords of Legends Online,84.62337662337663
Tell Me Why,84.40259740259741
Pok<U+00E9>mon Emerald,83.8051948051948
Chernobylite,83.71428571428571
Wreckfest,83.50649350649351
Moonlighter,83.49350649350649
Quantum Break,83.25974025974025
The Awesome Adventures of Captain Spirit,83.03896103896103
Company of Heroes 2,82.79220779220779
Wolfenstein: The New Order,82.74025974025975
Insurgency: Sandstorm,82.63636363636364
The Cycle: Frontier,165.16883116883116
Outer Wilds,145.1818181818182
Destruction AllStars,82.37662337662337
Deadside,82.22077922077922
World of Final Fantasy,119.94805194805195
Astro's Playroom,81.85714285714286
The Witness,81.74025974025975
Black Squad,81.50649350649351
Mega Man 11,81.18181818181819
Marvel's Guardians of the Galaxy,161.2987012987013
Last Year,80.57142857142857
Slither.io,80.01298701298701
F1 2017,79.7012987012987
Pok<U+00E9>mon Red/Blue,78.64935064935065
GreedFall,78.51948051948052
Mirror's Edge Catalyst,78.48051948051948
Medieval Dynasty,78.31168831168831
Space Engineers,78.28571428571429
Mass Effect 3,78.27272727272727
Miitopia,78.22077922077922
Craftopia,78.1038961038961
Rising Storm 2: Vietnam,77.77922077922078
Blasphemous,77.77922077922078
Just Survive,77.72727272727273
Trials of Mana,76.85714285714286
Breathedge,93.93506493506493
Dyson Sphere Program,75.83116883116882
Just Cause 4,75.32467532467533
Resident Evil Zero,81.94805194805195
First Class Trouble,74.76623376623377
Ultimate Marvel vs. Capcom 3,74.48051948051948
PixArk,74.44155844155844
A Dance of Fire and Ice,73.58441558441558
Gears Tactics,73.36363636363636
Tormented Souls,121.83116883116882
Extra Life,73.05194805194805
Salt and Sanctuary,72.74025974025975
Football Manager 2017,72.66233766233766
Destroy All Humans!,72.27272727272727
Wolfenstein: Youngblood,70.8961038961039
Astral Chain,70.7012987012987
Final Fantasy IX,104.01298701298701
EA Sports UFC 4,70.12987012987013
BATTLETECH,69.76623376623377
Skyforge,69.74025974025975
The Walking Dead: Season One,84.71428571428571
HUMANKIND,69.45454545454545
Captain Tsubasa: Rise of New Champions,69.23376623376623
Pro Evolution Soccer 2019,110.94805194805195
Super Mario 3D World,68.6103896103896
Unravel,68.6103896103896
Far Cry 4,68.45454545454545
The Surge,67.71428571428571
E3 2017,67.51948051948052
Halo Online,67.35064935064935
Home Sweet Home: Survive,67.14285714285714
Blackwake,67.01298701298701
Melty Blood: Type Lumina,133.2207792207792
Black Mesa,66.57142857142857
The Witcher,66.50649350649351
Into the Breach,66.45454545454545
TrackMania Turbo,66.35064935064935
Thief Simulator,66.25974025974025
Prime World,66.0
StarCraft: Brood War,65.94805194805195
FIFA Online 4,65.3896103896104
Bugsnax,65.1038961038961
Dark and Light,64.83116883116882
Carrion,64.48051948051948
Metal Gear Survive,64.37662337662337
Metro 2033,63.883116883116884
The Sinking City,63.87012987012987
Drug Dealer Simulator,63.15584415584416
God of War III,63.12987012987013
Ace Combat 7: Skies Unknown,130.7012987012987
The Beast Inside,63.077922077922075
NARAKA: BLADEPOINT,62.36363636363637
Kenshi,109.81818181818181
Icarus,99.12987012987013
Monster Hunter Generations Ultimate,83.0
The Elder Scrolls IV: Oblivion,61.58441558441559
MXM,61.57142857142857
Cube World,61.506493506493506
Duelyst,61.493506493506494
WWE 2K19,60.94805194805195
BioShock: The Collection,60.506493506493506
Command & Conquer Remastered Collection,60.1948051948052
Guilty Gear Xrd Rev 2,59.62337662337662
Metro: Last Light,59.58441558441559
Eco,59.54545454545455
Infestation: Survivor Stories,59.42857142857143
ELEX,59.142857142857146
Princess Connect! Re:Dive,63.87012987012987
Yooka-Laylee,58.324675324675326
Death's Door,57.96103896103896
Xenoblade Chronicles 2,57.64935064935065
Neon Abyss,57.4025974025974
Digimon Story Cyber Sleuth,57.35064935064935
Pok<U+00E9>mon Mystery Dungeon: Rescue Team DX,57.35064935064935
Tropico 6,56.94805194805195
The Escapists 2,56.857142857142854
Car Mechanic Simulator 2021,56.8051948051948
Monster Train,56.72727272727273
Disc Jam,56.714285714285715
Pogostuck: Rage With Your Friends,56.506493506493506
Alan Wake Remastered,112.98701298701299
SUPERHOT,56.05194805194805
Mario Party Superstars,112.05194805194805
DiRT Rally,55.72727272727273
PC Building Simulator,55.57142857142857
Shattered Skies,55.311688311688314
Darkest Dungeon II,110.28571428571429
Surviving Mars,54.79220779220779
Ultra Street Fighter IV,54.58441558441559
Foxhole,74.46753246753246
DEVOTION,54.35064935064935
The King of Fighters XIV,61.311688311688314
Dragon Quest Builders 2,53.90909090909091
World War 3,53.76623376623377
Dungreed,53.72727272727273
I Am Fish,106.9090909090909
Void Bastards,53.116883116883116
Assetto Corsa Competizione,53.02597402597402
PowerWash Simulator,52.90909090909091
Tricky Towers,52.896103896103895
Halo Wars 2,52.701298701298704
INSIDE,52.467532467532465
Golfing Over It with Alva Majo,52.35064935064935
Secret of Mana,52.20779220779221
Baba is You,52.12987012987013
Curse of the Dead Gods,51.98701298701299
Pokk<U+00E9>n Tournament,51.55844155844156
Half-Life 2,51.493506493506494
The Game Awards,51.142857142857146
Worms W.M.D,50.87012987012987
Timberborn,101.14285714285714
SAMURAI SHODOWN,50.246753246753244
F1 2016,50.20779220779221
Final Fantasy VIII,49.66233766233766
Spiritfarer,49.66233766233766
Pathfinder: Kingmaker,66.84415584415585
Batman: The Telltale Series,49.58441558441559
60 Seconds!,49.16883116883117
ReCore,48.8051948051948
Ranch Simulator,48.753246753246756
Pro Evolution Soccer 2018,48.63636363636363
We Were Here Together,48.61038961038961
L.A. Noire,48.55844155844156
Lost Judgment,96.72727272727273
Aim Gods,48.103896103896105
Punch Club,47.5974025974026
Sniper Elite 4,47.55844155844156
Umamusume: Pretty Derby,47.51948051948052
Five Nights at Freddy's,47.41558441558441
Just Dance 2019,77.49350649350649
Forza Motorsport 7,46.87012987012987
Olympic Games Tokyo 2020: The Official Video Game,46.493506493506494
Judgment,55.87012987012987
Sword Art Online: Alicization Lycoris,46.23376623376623
Hot Wheels Unleashed,92.46753246753246
A Total War Saga: Troy,46.01298701298701
Roller Champions,46.0
Youtubers Life,45.935064935064936
Crab Game,91.79220779220779
Cadence of Hyrule: Crypt of the NecroDancer Featuring The Legend of Zelda,45.688311688311686
NHL 22,91.35064935064935
Operation: Tango,45.22077922077922
Journey to the Savage Planet,45.20779220779221
Dead or Alive 6,44.97402597402598
Teardown,44.97402597402598
Business Tour,44.94805194805195
BONEWORKS,44.72727272727273
Generation Zero,44.05194805194805
Goose Goose Duck,87.71428571428571
Gran Turismo Sport,43.74025974025974
"Warhammer 40,000: Dawn of War III",43.467532467532465
Dead Space,60.83116883116883
Revelation Online,43.246753246753244
Forza Motorsport 6,43.22077922077922
Rocket Arena,43.15584415584416
Ashen,43.116883116883116
The Legend of Zelda: Twilight Princess HD,43.05194805194805
Blackjack,42.935064935064936
<U+014C>kami,42.922077922077925
Just Dance 2018,42.701298701298704
WarioWare: Get It Together!,85.11688311688312
Slither,42.54545454545455
BPM: BULLETS PER MINUTE,42.54545454545455
Danganronpa V3: Killing Harmony,42.37662337662338
Dream Daddy: A Dad Dating Simulator,42.298701298701296
MU Legend,41.90909090909091
XCOM: Chimera Squad,41.79220779220779
Ragnarok M: Eternal Love,93.28571428571429
M.U.G.E.N,42.8051948051948
.hack//G.U. Last Recode,41.22077922077922
UnderMine,41.103896103896105
Casino Games,45.96103896103896
GRIS,40.883116883116884
Mutant Year Zero: Road to Eden,40.857142857142854
Girls' Frontline,40.64935064935065
Arknights,40.5974025974026
Kingdoms of Amalur: Reckoning,40.44155844155844
Stoneshard,40.36363636363637
Throne of Lies: Medieval Politics,40.35064935064935
Plague Inc: Evolved,40.285714285714285
Poly Bridge 2,40.25974025974026
PlanetSide 2,40.077922077922075
Hand of Fate 2,40.0
Going Medieval,39.857142857142854
Clubhouse Games: 51 Worldwide Classics,39.8051948051948
Streamer Life Simulator,39.72727272727273
Xenoblade Chronicles: Definitive Edition,39.298701298701296
Trials Fusion,39.12987012987013
Super Mario Bros. 3,39.103896103896105
Shadow Warrior 2,78.20779220779221
Sonic Forces,39.064935064935064
XCOM: Enemy Within,38.935064935064936
Darkwood,38.87012987012987
Mario + Rabbids Kingdom Battle,38.72727272727273
Death's Gambit,38.467532467532465
Trover Saves the Universe,38.38961038961039
Worlds Adrift,38.33766233766234
Fallout 3,38.285714285714285
Dicey Dungeons,37.96103896103896
Puzzle & Dragons,37.84415584415584
Stranded Deep,37.8051948051948
Rhythm Doctor,37.74025974025974
Rend,37.701298701298704
Dragon Quest XI: Echoes of an Elusive Age,37.63636363636363
Anime Land,37.25974025974026
God Eater 3,37.22077922077922
Soulworker,36.87012987012987
Dreams,36.81818181818182
Mad Max,36.66233766233766
Torchlight III,36.63636363636363
Yakuza Kiwami 2,52.246753246753244
Resident Evil: Revelations 2,36.27272727272727
Riders of Icarus,36.03896103896104
ShellShock Live,35.98701298701299
The Riftbreaker,71.97402597402598
Mega Man X,35.90909090909091
Hell Let Loose,35.883116883116884
Yakuza 6: The Song of Life,35.506493506493506
Potion Craft,70.98701298701299
Citadel: Forged With Fire,35.1948051948052
Tales of Berseria,35.1948051948052
Night in the Woods,35.16883116883117
Age of Empires II: HD Edition,35.15584415584416
The Dark Occult,44.688311688311686
Wargroove,35.01298701298701
NBA Playgrounds,34.857142857142854
Hyper Light Drifter,34.675324675324674
Night of the Dead,34.54545454545455
Heavy Rain,34.51948051948052
Necromunda: Hired Gun,34.41558441558441
Drawful 2,34.38961038961039
Puyo Puyo Tetris,34.33766233766234
BioShock,34.25974025974026
Ultimate Chicken Horse,34.15584415584416
Mighty No. 9,34.0
Shadow Arena,33.87012987012987
Katana ZERO,33.857142857142854
Codenames,33.701298701298704
SOMA,50.324675324675326
Thronebreaker: The Witcher Tales,33.5974025974026
ABZ<U+00DB>,33.5974025974026
Pathfinder: Wrath of the Righteous,66.93506493506493
Domina,33.324675324675326
Evil Genius 2: World Domination,33.12987012987013
Dreadnought,33.064935064935064
E3 2016,32.94805194805195
Post Scriptum,32.922077922077925
Devil May Cry HD Collection,32.8051948051948
Dragon Quest Builders,64.1038961038961
Ghost of Tsushima: Director's Cut,32.688311688311686
Darksiders Genesis,32.64935064935065
Yakuza Kiwami,32.64935064935065
The Survivalists,32.22077922077922
Observer,32.18181818181818
Hellpoint,32.142857142857146
Resident Evil 6,32.12987012987013
Dawn of Man,32.01298701298701
Betrayal.io,31.935064935064936
NHL 18,31.896103896103895
Tales of Vesperia,126.7012987012987
The Messenger,89.6103896103896
Children of Morta,31.545454545454547
Agony,31.363636363636363
Dread Hunger,31.337662337662337
Dead Rising,40.285714285714285
Banjo-Kazooie,31.051948051948052
Homefront: The Revolution,30.92207792207792
Project CARS 2,30.857142857142858
Devil May Cry 4: Special Edition,30.857142857142858
Mobile Legends: Bang Bang,30.844155844155843
Blood Bowl 2,30.363636363636363
Divinity: Original Sin,30.363636363636363
Legion TD 2,51.02597402597402
MediEvil,30.233766233766232
Osiris: New Dawn,51.506493506493506
Zombie Army 4: Dead War,29.83116883116883
Sword Art Online: Hollow Realization,31.61038961038961
Sniper Ghost Warrior Contracts 2,29.51948051948052
Board Games,31.662337662337663
Sign of Silence,29.233766233766232
Sakuna: Of Rice and Ruin,28.844155844155843
Indivisible,28.7012987012987
Pillars of Eternity II: Deadfire,28.51948051948052
MudRunner,28.493506493506494
Catherine,89.20779220779221
Resident Evil Resistance,28.155844155844157
Life Is Feudal: MMO,28.09090909090909
Northgard,28.064935064935064
XERA: Survival,27.98701298701299
ARMS,27.857142857142858
Borderlands: The Handsome Collection,27.857142857142858
Surgeon Simulator 2,27.662337662337663
Comedy Night,27.584415584415584
The Movies,27.545454545454547
RiME,27.31168831168831
Orcs Must Die! 3,27.16883116883117
Shenmue,27.12987012987013
Grand Theft Auto IV,26.948051948051948
Battle Chasers: Nightwar,26.92207792207792
Lineage 2: Revolution,26.805194805194805
E3,26.792207792207794
Serious Sam 4,26.766233766233768
Marvel Ultimate Alliance 3: The Black Order,26.558441558441558
Super Seducer,26.558441558441558
Phantom Abyss,26.441558441558442
Motorsport Manager,26.324675324675326
Hello Neighbor,26.246753246753247
Berserk and the Band of the Hawk,25.805194805194805
This Is the Police,25.792207792207794
Kirby Star Allies,25.77922077922078
Late Shift,25.753246753246753
Catherine: Full Body,25.51948051948052
Dead Space 2,32.18181818181818
Final Fantasy XII: The Zodiac Age,25.207792207792206
The Legend of Zelda: The Wind Waker HD,39.37662337662338
Bridge Constructor Portal,25.155844155844157
I Wanna Be The Guy,28.792207792207794
Five Nights at Freddy's: Sister Location,50.15584415584416
Agents of Mayhem,25.025974025974026
CrossCode,38.532467532467535
Onimusha: Warlords,97.53246753246754
Bayonetta,24.792207792207794
Scrutinized,24.714285714285715
Pro Evolution Soccer 2017,24.51948051948052
World War Z: Aftermath,48.83116883116883
Desolate,24.415584415584416
Battle Brothers,24.337662337662337
The Surge 2,24.285714285714285
Desperados III,24.181818181818183
I Wanna Be The Boshy,28.571428571428573
Nuclear Throne,24.155844155844157
SpeedRunners,24.07792207792208
Phoenix Wright: Ace Attorney Trilogy HD,24.0
Home Sweet Home,23.92207792207792
BlazBlue: Central Fiction,37.23376623376623
Bioshock Infinite,23.7012987012987
Outlaws of the Old West,23.675324675324674
Call of the Sea,23.454545454545453
Detention,23.25974025974026
The Legend of Bum-bo,23.233766233766232
I Am Setsuna,23.194805194805195
Dynasty Warriors 9,23.194805194805195
Second Extinction,23.025974025974026
Clustertruck,45.87012987012987
Donkey Kong Country: Tropical Freeze,22.792207792207794
Next Day: Survival,22.649350649350648
The Witcher 2: Assassins of Kings,22.584415584415584
Cookie Run: Kingdom,22.584415584415584
Ring Fit Adventure,22.571428571428573
We Were Here Too,22.532467532467532
Hurtworld,22.441558441558442
MechWarrior 5: Mercenaries,22.415584415584416
Phoenix Point,22.337662337662337
Digimon World: Next Order,22.233766233766232
The Walking Dead: Saints & Sinners,22.07792207792208
Warface: Breakout,22.064935064935064
Yoshi's Crafted World,22.064935064935064
Anime,22.025974025974026
Pro Evolution Soccer 2016,22.0
Dungeon Fighter Online,21.90909090909091
Transport Fever 2,21.818181818181817
The Legend of Zelda: The Wind Waker,21.74025974025974
Teamfight Manager,21.532467532467532
GRIME,21.51948051948052
Lost in Random,42.83116883116883
Tower Unite,21.350649350649352
Dying Light: Bad Blood,42.54545454545455
SMITE Tactics,21.22077922077922
Pillars of Eternity,21.12987012987013
Ylands,21.103896103896105
Final Fantasy XI,39.90909090909091
New Super Mario Bros. U,83.11688311688312
Earthfall,20.74025974025974
Gold Rush: The Game,20.61038961038961
Danganronpa 2: Goodbye Despair,20.584415584415584
WWE 2K20,20.454545454545453
Baldi's Basics in Education and Learning,20.428571428571427
Song of Horror,20.22077922077922
Earth Defense Force 5,19.92207792207792
The Walking Dead: Michonne,19.818181818181817
The Last Spell,19.77922077922078
Attack on Titan 2,19.766233766233768
Firefighting Simulator,19.662337662337663
Car Mechanic Simulator 2018,19.61038961038961
X4: Foundations,19.5974025974026
Everybody's Golf,19.233766233766232
Supraland,19.01298701298701
Internet Cafe Simulator,18.883116883116884
Pok<U+00E9>mon Quest,18.792207792207794
In Sound Mind,37.246753246753244
This War of Mine,18.428571428571427
Katamari Damacy,18.415584415584416
Starbase,18.4025974025974
Wrestling,18.337662337662337
Hot Lava,18.31168831168831
Shenmue III,18.246753246753247
Star Ocean: Integrity and Faithlessness,18.22077922077922
Danganronpa: Trigger Happy Havoc,18.155844155844157
Mansions of Madness,18.01298701298701
The End Is Nigh,17.961038961038962
Age of Wonders: Planetfall,17.90909090909091
SpyParty,17.532467532467532
Dishonored: Death of the Outsider,17.467532467532468
LEGO Worlds,17.441558441558442
What Remains of Edith Finch,17.363636363636363
Necropolis,17.337662337662337
Observation,17.272727272727273
Amnesia: The Dark Descent,34.467532467532465
This Is the Police 2,17.064935064935064
Owlboy,17.051948051948052
Bloodborne: The Old Hunters,16.961038961038962
Virtual Reality,21.194805194805195
Hide Or Die,16.896103896103895
Atlas Reactor,29.766233766233768
Prison Architect,16.844155844155843
Farm Together,16.7012987012987
Blazing Sails,16.7012987012987
At Dead Of Night,16.68831168831169
Monster Hunter Generations,16.636363636363637
Fear the Wolves,16.61038961038961
Ghost of a Tale,16.454545454545453
Foundation,16.31168831168831
Heroes of Hammerwatch,16.31168831168831
Hobo: Tough Life,16.142857142857142
Ghosts 'n Goblins Resurrection,16.01298701298701
Armored Warfare,16.01298701298701
King of Crabs,15.987012987012987
Super Seducer 2,31.948051948051948
Orcs Must Die! Unchained,15.909090909090908
ARK: Survival Of The Fittest,15.87012987012987
Last Day on Earth: Survival,15.831168831168831
Just Dance 2017,15.805194805194805
FAR: Lone Sails,15.74025974025974
Imperator: Rome,15.7012987012987
Kingdom Two Crowns,15.688311688311689
Spelunky,15.675324675324676
The Swords of Ditto,15.623376623376624
Book of Demons,15.597402597402597
Star Trek: Bridge Crew,15.571428571428571
Little Misfortune,15.558441558441558
Naval Action,15.493506493506494
Grand Theft Auto: Vice City,43.38961038961039
Trine 4: The Nightmare Prince,15.233766233766234
Call of Duty: Modern Warfare 3,15.168831168831169
War by Grow Games,15.12987012987013
Total War Saga: Thrones of Britannia,14.844155844155845
Pagan Online,14.818181818181818
Faeria,14.805194805194805
MLB 15: The Show,14.675324675324676
Poly Bridge,14.675324675324676
Cards Against Humanity,14.61038961038961
Ni no Kuni: Cross Worlds,14.571428571428571
BattleBlock Theater,14.246753246753247
Pok<U+00E9>mon Trading Card Game Online,13.935064935064934
APB Reloaded,13.935064935064934
Strange Brigade,13.857142857142858
Mist Survival,13.792207792207792
Daymare: 1998,13.792207792207792
The Joy Of Sex,13.779220779220779
Nioh_,13.766233766233766
Last Tide,13.727272727272727
Final Fantasy V,13.7012987012987
Resident Evil 3: Nemesis,16.584415584415584
Stocks And Bonds,13.519480519480519
Unravel Two,13.519480519480519
Sniper: Ghost Warrior 3,13.493506493506494
S.T.A.L.K.E.R.: Call of Pripyat,13.38961038961039
Silver Chains,13.363636363636363
Chrono Trigger,13.311688311688311
Bus Simulator 18,13.311688311688311
Aion,13.272727272727273
The Wild Eight,13.220779220779221
Superliminal,13.103896103896103
Granny,12.987012987012987
Vanquish,12.974025974025974
Prominence Poker,12.96103896103896
Power Rangers: Battle for the Grid,12.922077922077921
EverQuest,12.87012987012987
Hob,12.805194805194805
White Day: A Labyrinth Named School,12.805194805194805
Five Dates,12.779220779220779
Witch It,12.766233766233766
Super Mario RPG: Legend of the Seven Stars,23.207792207792206
"Papers, Please",12.727272727272727
Royal Crown,12.532467532467532
Slam Dunk,12.493506493506494
Beyond: Two Souls,12.376623376623376
Final Fantasy IV,26.77922077922078
Max Payne 3,12.35064935064935
Deus Ex: Human Revolution - Director's Cut,12.194805194805195
Barn Finders,12.12987012987013
Kingdoms and Castles,12.090909090909092
Immortal Redneck,11.987012987012987
The Suicide of Rachel Foster,11.974025974025974
Until We Die,11.96103896103896
Parkitect,11.909090909090908
Maelstrom,11.896103896103897
Reventure,11.727272727272727
Pok<U+00E9>mon Crystal,11.636363636363637
LEGO Star Wars: The Complete Saga,11.61038961038961
Remothered: Broken Porcelain,11.571428571428571
Shenmue I & II,11.545454545454545
AI: The Somnium Files,11.532467532467532
Kingdom Under Fire II,11.467532467532468
Tyranny,11.428571428571429
Borderlands: The Pre-Sequel,11.402597402597403
Barbie and The Magic of Pegasus,11.35064935064935
Voidtrain,11.324675324675324
Close to the Sun,11.25974025974026
MISTOVER,11.233766233766234
Last Epoch,11.233766233766234
Use Your Words,11.220779220779221
Revelation,22.207792207792206
The Bunker,15.12987012987013
Star Wars: Knights of the Old Republic,11.051948051948052
Ratropolis,11.03896103896104
Paper Mario: The Thousand-Year Door,11.0
Crowfall,11.0
Silent Hill 2,15.077922077922079
Vampire: The Masquerade - Bloodlines,13.207792207792208
Disco Elysium,10.896103896103897
Remothered: Tormented Fathers,10.896103896103897
Dragalia Lost,10.87012987012987
Street Fighter III: 3rd Strike,20.545454545454547
Ragnarok Online Mobile,10.844155844155845
Agrou,10.831168831168831
RPG Maker,10.818181818181818
Just Dance 2020,10.779220779220779
Mirror's Edge,10.766233766233766
Star Fox Zero,10.727272727272727
Fire Emblem Heroes,10.545454545454545
Return of the Obra Dinn,10.532467532467532
Sid Meier's Civilization VI: Rise & Fall,10.519480519480519
Yakuza,10.38961038961039
some some convenience store,10.38961038961039
LEGO Star Wars: The Force Awakens,10.363636363636363
"Yes, Your Grace",10.324675324675324
Judgement,22.662337662337663
Tales from the Borderlands,10.285714285714286
Strafe,10.272727272727273
Pathologic,10.246753246753247
"Cook, Serve, Delicious! 2!!",10.233766233766234
Idol Manager,10.181818181818182
MechWarrior Online,10.142857142857142
There Is No Game : Wrong Dimension,10.103896103896103
Stilt Fella,10.077922077922079
Kingdom: New Lands,10.064935064935066
SpellForce 3,9.987012987012987
Get Even,9.96103896103896
One Hour One Life,9.96103896103896
Rebel Galaxy Outlaw,9.688311688311689
Storybook Brawl,19.22077922077922
Who Wants To Be A Millionaire,9.61038961038961
Batman: The Enemy Within,9.519480519480519
Infliction,9.480519480519481
Immortal: Unchained,18.285714285714285
Perception,9.12987012987013
Age of Darkness: Final Stand,18.207792207792206
Plant vs Undead,18.155844155844157
Identity V,18.025974025974026
Ashes of Creation,9.012987012987013
Always On,11.675324675324676
Donkey Kong Country,9.0
Suspects: Mystery Mansion,8.974025974025974
Angvik,8.883116883116884
Welcome to the Game,8.831168831168831
Shovel Knight,8.831168831168831
Everspace,8.792207792207792
The Council,8.753246753246753
MapleStory M,8.7012987012987
Rayman Legends,8.64935064935065
Stonehearth,8.636363636363637
Monopoly,8.61038961038961
Barotrauma,8.597402597402597
Miracle snack shop,34.33766233766234
Murder House,8.506493506493506
Unrailed!,8.467532467532468
Bomber Crew,8.441558441558442
Movie World,11.012987012987013
Final Fantasy VI,8.415584415584416
StepMania,8.285714285714286
Mount Your Friends,8.25974025974026
HEX: Shards of Fate,8.25974025974026
Forts,8.220779220779221
Friends Marble,11.545454545454545
The Room Three,8.181818181818182
Phantom Doctrine,8.168831168831169
Rift,8.168831168831169
Worms Revolution,8.168831168831169
The Legend of Zelda: Skyward Sword,8.12987012987013
Battlefleet Gothic: Armada,8.116883116883116
Paper Mario: Color Splash,16.181818181818183
HALF DEAD 2,7.987012987012987
Line of Sight,7.987012987012987
The Long Drive,7.987012987012987
RollerCoaster Tycoon World,7.974025974025974
Assassin's Creed II,7.961038961038961
60 Parsecs!,15.74025974025974
Cricket,7.8311688311688314
Cossacks 3,7.818181818181818
The Turing Test,7.766233766233766
Telling Lies,7.740259740259741
Korean Baseball League,7.740259740259741
Shoppe Keep 2,7.714285714285714
DOOM 3,7.584415584415584
Pok<U+00E9>mon Yellow,7.571428571428571
Summoners War: Lost Centuria,7.571428571428571
The Coin Game,7.558441558441558
Super Mario Bros.,7.532467532467533
Lineage M,7.48051948051948
Iratus: Lord of the Dead,7.48051948051948
Summer Game Fest,7.467532467532467
Devil May Cry 3: Special Edition,7.428571428571429
Passpartout: The Starving Artist,7.3896103896103895
Mega Man,7.376623376623376
Vikings: Wolves of Midgard,7.363636363636363
Transport Fever,7.337662337662338
Fire Emblem: The Blazing Blade,7.298701298701299
Boxing Fight,7.103896103896104
WHAT THE GOLF?,7.090909090909091
Chuchel,7.077922077922078
Hand of Fate,7.0519480519480515
Bloons TD 5,7.025974025974026
Kona,6.961038961038961
Metroid Prime,6.935064935064935
The Solus Project,6.922077922077922
Dead Space 3,13.662337662337663
The Lord of the Rings Online,6.818181818181818
Devil Daggers,6.753246753246753
Death Road to Canada,6.688311688311688
NCAA Football 14,6.688311688311688
Paper Mario,6.675324675324675
Bully: Scholarship Edition,6.662337662337662
Finding Bigfoot,6.64935064935065
Smash + Grab,6.597402597402597
Dead Rising 2,13.194805194805195
Darksiders II,6.51948051948052
Pok<U+00E9>mon Black/White Version 2,6.402597402597403
rFactor 2,6.363636363636363
Super Mario Galaxy 2,6.324675324675325
Descenders,6.285714285714286
Hitman: Absolution,6.207792207792208
Hidden Agenda,6.207792207792208
Not Tonight,6.181818181818182
Thimbleweed Park,6.1688311688311686
Exanima,6.077922077922078
Super Mario Galaxy,6.064935064935065
Sunless Skies,6.064935064935065
The Pedestrian,6.0519480519480515
Chronicle: RuneScape Legends,6.0519480519480515
Rabi-Ribi,6.0
Obduction,5.974025974025974
Donkey Kong 64,12.857142857142858
eBaseball Powerful Pro Yaky<U+016B> 2020,5.961038961038961
The Escapists,5.922077922077922
GlitchCon,5.922077922077922
Midnight Cinema,11.688311688311689
Dark Roll: Free Kick Challenge,5.818181818181818
Weed Shop 2,5.766233766233766
Choice Chamber,5.766233766233766
Hokuto No Ken 2,5.7272727272727275
Conarium,5.7272727272727275
Kageroh: Shadow Corridor,5.688311688311688
Bethesda at E3,5.675324675324675
Yakuza 5,5.64935064935065
CardLife,5.6103896103896105
Mario & Sonic at the Olympic Games Tokyo 2020,5.6103896103896105
Phoenix Wright: Ace Attorney Trilogy,5.597402597402597
Skylanders: Ring of heroes,5.558441558441558
Spongebob Squarepants: Battle For Bikini Bottom,5.558441558441558
CLOP,21.558441558441558
TwitchCon 2017,5.337662337662338
Syberia 3,5.2727272727272725
Left 4 Dead,5.259740259740259
The Bard's Tale IV,10.441558441558442
The Legend of Zelda: Twilight Princess,20.883116883116884
Zero Escape: Zero Time Dilemma,5.207792207792208
Metal Gear Solid,5.194805194805195
Forced Showdown,5.1688311688311686
Fist of the North Star: Lost Paradise,5.1558441558441555
Might & Magic: Elemental Guardians,5.1558441558441555
Cube Escape: Paradox,10.285714285714286
DRAGON BALL Z DOKKAN BATTLE,5.103896103896104
Rusty Lake Paradise,5.090909090909091
Abandon Ship,5.090909090909091
Railway Empire,5.064935064935065
Crunchyroll Anime Awards,5.064935064935065
Pizza Connection 3,5.064935064935065
Battlefield: Bad Company 2,5.038961038961039
Sherlock Holmes: The Devil's Daughter,5.012987012987013
Barbie Horse Adventures: Wild Horse Rescue,4.987012987012987
Old School Musical,9.974025974025974
ANIME STANDING,9.896103896103897
Dying Light 2: Stay Human,4.87012987012987
Sonic the Hedgehog,4.87012987012987
Golf Story,4.857142857142857
Monstrum,4.8441558441558445
Beholder,4.8311688311688314
Gothic II: Night of the Raven,4.818181818181818
Sudden Attack,9.584415584415584
Dungeon Hunter Champions,4.792207792207792
Crusader Kings II,4.792207792207792
Secret Hitler,4.7272727272727275
Age of Empires: Definitive Edition,4.701298701298701
Mad Games Tycoon 2,4.688311688311688
Who Wants to Be a Millionaire,4.675324675324675
Holdfast: Nations At War,4.636363636363637
The Legend of Zelda: The Minish Cap,4.597402597402597
Stationeers,4.545454545454546
Rock of Ages 2: Bigger & Boulder,4.532467532467533
Grid 2,4.51948051948052
Tropico 5,4.51948051948052
Intruder,4.51948051948052
Project Highrise,4.4935064935064934
Heave Ho,4.402597402597403
Kingdom Hearts II,4.363636363636363
Twitch Stream Aid,4.363636363636363
Diablo,4.337662337662338
The Underground Man,4.311688311688312
"Warhammer 40,000: Eternal Crusade",4.259740259740259
Transformers: Devastation,4.181818181818182
Deponia Doomsday,4.1558441558441555
Move or Die,4.142857142857143
Mega Man 2,4.142857142857143
Kingdom of the Winds,4.090909090909091
Through the Woods,8.155844155844155
God of War II,4.077922077922078
Resident Evil: Code Veronica X HD,5.3896103896103895
Quiplash 2 InterLASHional,4.0
The Legend of Zelda,4.0
EarthBound,3.948051948051948
ShootMania Storm,3.831168831168831
The Elder Scrolls III: Morrowind,3.8181818181818183
Mafia LIVE!,3.8181818181818183
Brothers: A Tale of Two Sons,3.792207792207792
Ben and Ed,3.7662337662337664
Ninja Gaiden Black,3.7662337662337664
Metroid Fusion,3.7532467532467533
God's Basement,3.7142857142857144
Luigi's Mansion,3.688311688311688
Judgment: Apocalypse Survival Simulation,3.675324675324675
DreadOut 2,3.6623376623376624
Halcyon 6: Starbase Commander,3.6233766233766236
Mafia,3.5844155844155843
Silent Hill,6.987012987012987
duplicate Sleepers,3.4285714285714284
Hitman: Blood Money,3.3766233766233764
Yu-Gi-Oh! Forbidden Memories,3.3376623376623376
Crea,3.311688311688312
Syndrome,6.623376623376624
Batman: Arkham City,3.272727272727273
Super Mario World 2: Yoshi's Island,3.25974025974026
S.T.A.L.K.E.R.: Clear Sky,3.220779220779221
Spyro: Year of the Dragon,3.1818181818181817
Diablo IV,3.1818181818181817
Sonic Adventure 2: Battle,3.1818181818181817
Reign of Kings,3.168831168831169
The Game Awards 2016,3.168831168831169
Kingdom Hearts HD 1.5 ReMIX,3.142857142857143
Star Wars: Knights of the Old Republic II - The Sith Lords,3.090909090909091
Pok<U+00E9>mon Ruby/Sapphire,3.0779220779220777
Star Wars: Force Arena,3.0779220779220777
DropZone,3.038961038961039
Yuppie Psycho,3.0259740259740258
Fire Emblem Echoes: Shadows of Valentia,3.012987012987013
TwitchCon 2016,5.0
Ghostbusters,2.961038961038961
The Long Journey Home,2.948051948051948
The Swordsmen X,2.948051948051948
Metal Gear Solid 2: Sons of Liberty,2.948051948051948
Cat Goes Fishing,2.935064935064935
Super Robot Taisen V,2.909090909090909
Call of Duty 2,2.909090909090909
Final Fantasy,2.896103896103896
Grand Theft Auto III,2.883116883116883
Mario Kart 64,2.857142857142857
Marble It Up!,2.831168831168831
Donkey Kong Country 2: Diddy's Kong Quest,2.831168831168831
Tekken 7: Fated Retribution,3.311688311688312
Dungeon of the Endless,2.8051948051948052
Total Lockdown,2.8051948051948052
Bio Inc. Redemption,2.8051948051948052
Fate Seeker,2.792207792207792
Naruto Shippuden: Ultimate Ninja Storm 3 Full Burst,2.7662337662337664
Peggle 2,2.7662337662337664
Super Seducer 3,2.675324675324675
The Town of Light,2.6493506493506493
Castlevania: Symphony of the Night,2.6363636363636362
Metal Gear Solid 3: Snake Eater,2.6233766233766236
Pok<U+00E9>mon X/Y,2.6103896103896105
Yakuza 3,2.6103896103896105
Crash Bandicoot 2: Cortex Strikes Back,2.5714285714285716
The Simpsons: Hit & Run,2.5714285714285716
The Red Strings Club,2.5454545454545454
Twitch Presents,2.5194805194805197
Halo: Combat Evolved,2.4935064935064934
The Idolmaster: Stella Stage,2.4935064935064934
Condemned: Criminal Origins,4.935064935064935
Gamescom 2017,2.4415584415584415
Deus Ex,2.4415584415584415
Paradigm,2.4285714285714284
Otaku's Adventure,2.4285714285714284
Lineage 2M,2.4155844155844157
ARAYA,2.3896103896103895
Mega Man X2,2.3506493506493507
Farmer's Dynasty,2.324675324675325
Fire Emblem Fates: Special Edition,2.311688311688312
The Guest,2.2987012987012987
Griftlands,2.2987012987012987
Die Young,2.2857142857142856
PaRappa the Rapper,2.272727272727273
Supernova,2.272727272727273
Crash Bandicoot,2.2337662337662336
Mister Rogers' Neighborhood,2.1818181818181817
House Party,2.168831168831169
Orcs Must Die! 2,2.116883116883117
Fallout,2.103896103896104
Pro Gymnast,2.0779220779220777
Silent Hill 3,4.1558441558441555
Animal Crossing: New Leaf,2.0779220779220777
Breaking Point,2.064935064935065
RollerCoaster Tycoon 2,2.051948051948052
Uncharted 2: Among Thieves,2.051948051948052
Corpse Party,4.077922077922078
Mount Your Friends 3D: A Hard Man is Good to Climb,2.038961038961039
Romance of the Three Kingdoms XIV,2.038961038961039
Event[0],2.0259740259740258
God of War Collection,2.0
"Warhammer 40,000: Inquisitor - Prophecy",1.9610389610389611
Ys VIII: Lacrimosa of Dana,1.8571428571428572
Castlevania,1.8571428571428572
Final Fantasy XII,1.844155844155844
Halo 2,1.844155844155844
Destiny Child,1.844155844155844
Construction Simulator 2015,1.8311688311688312
Vintage Story,1.8181818181818181
NEKOPARA Vol. 2,1.7532467532467533
Stories Untold,1.7532467532467533
Kindergarten,1.7532467532467533
Yakuza 4,7.012987012987013
Phoning Home,1.7532467532467533
Pok<U+00E9>mon Stadium 2,1.7402597402597402
Fire Emblem: The Sacred Stones,1.7402597402597402
Wasteland 2,1.7402597402597402
Donkey Kong Country 3: Dixie Kong's Double Trouble!,1.7272727272727273
STAY,1.7272727272727273
Mario & Luigi: Superstar Saga,1.7142857142857142
Banjo-Tooie,1.7012987012987013
Tomb Raider II,1.6363636363636365
The Walking Dead: Season Two,1.6233766233766234
Pinball,1.5714285714285714
Harvester,2.220779220779221
The Infectious Madness of Doctor Dekker,1.5454545454545454
Ape Escape,1.5324675324675325
Jikkyou Powerful Pro Yakyuu 2018,1.5324675324675325
Mario Party 10,1.4675324675324675
The Last Guardian,1.4545454545454546
The Legend of Zelda: Link's Awakening DX,1.4285714285714286
The Political Machine 2016,1.3896103896103895
Evoland 2,1.3896103896103895
Mike Tyson's Punch-Out!!,1.3636363636363635
The Legend of Zelda: A Link Between Worlds,1.3246753246753247
VVVVVV,1.3116883116883118
Freedom Planet,1.3116883116883118
Mark of the Ninja,1.3116883116883118
Zelda II: The Adventure of Link,1.2987012987012987
Heroes of Might and Magic V: Tribes of the East,1.2987012987012987
Kirby Super Star,1.2857142857142858
Ben and Ed - Blood Party,1.2857142857142858
The Legend of Korra,1.2597402597402598
Digimon Story: Cyber Sleuth - Hacker's Memory,1.2467532467532467
Hivemind Gameshow,1.2337662337662338
Punch-Out!!,1.2337662337662338
Super Castlevania IV,1.1948051948051948
Professor Layton and the Curious Village,1.1948051948051948
Protocol,1.1818181818181819
Horror Stories,2.3376623376623376
London 2012: The Official Video Game,1.1688311688311688
The Legend of Zelda: Ocarina of Time 3D,1.12987012987013
TrackMania 2: Canyon,1.0909090909090908
Jak and Daxter: The Precursor Legacy,1.077922077922078
Savage: Resurrection,1.077922077922078
Half Life 2: Survivor,1.051948051948052
The Legend of Zelda: Oracle of Seasons,1.0389610389610389
Party Hard Tycoon,1.0389610389610389
The Mean Greens: Plastic Warfare,1.025974025974026
Cosmos,1.025974025974026
Stone Age,2.0
Sly Cooper and the Thievius Raccoonus,1.0
Prince of Persia: The Sands of Time,1.0
Google Go,0.987012987012987
The Legend of Zelda: Four Swords Adventures,0.974025974025974
Worms Armageddon,0.922077922077922
Halo 4,0.922077922077922
Azure Striker GUNVOLT,0.922077922077922
Pikmin,0.9090909090909091
Dragon Quest Heroes II,0.8961038961038961
Viscera Cleanup Detail,0.8961038961038961
Romance of the Three Kingdoms XIII,0.8831168831168831
JoJo's Bizarre Adventure,0.8701298701298701
Tale of Wuxia,1.7402597402597402
Star Wars: Jedi Knight II - Jedi Outcast,0.8571428571428571
Fire Emblem: Path of Radiance,0.8441558441558441
Super Monkey Ball,0.8441558441558441
"Zero Escape: Nine Hours, Nine Persons, Nine Doors",0.8051948051948052
The Legend of Zelda: Majora's Mask 3D,0.7922077922077922
TMNT,0.7922077922077922
Super Senso,0.7792207792207793
Brawl of Ages,0.7792207792207793
DNC 2016,0.7662337662337663
Metroid Prime 2: Echoes,0.7532467532467533
Kirby 64: The Crystal Shards,0.7532467532467533
Devil May Cry,0.7402597402597403
Phoenix Wright: Ace Attorney <U+2212> Spirit of Justice,0.7272727272727273
Mega Man 10,0.7142857142857143
Werewolves <U+72FC><U+4EBA><U+6BBA>,0.7142857142857143
Dead Rising 4,0.6883116883116883
Silent Hill 4: The Room,0.6883116883116883
Penn & Teller's Smoke and Mirrors,0.6753246753246753
Secret of Evermore,0.6623376623376623
Doctor Who Pinball,0.6623376623376623
Super Punch-Out!!,0.6493506493506493
Power Rangers Samurai,0.6493506493506493
Pineview Drive,0.6233766233766234
Marvel Future Fight,0.6103896103896104
Rayman,0.5974025974025974
Silent Hill: Downpour,1.1948051948051948
Duke Nukem Forever,0.5844155844155844
F-Zero GX,0.5844155844155844
Poi,0.5714285714285714
Jet Set Radio Future,0.5714285714285714
IMDb Live Viewing Party,0.5714285714285714
Sonic Advance,0.5714285714285714
The Legend of Zelda: Ocarina of Time - Master Quest,0.5584415584415584
Lineage: The Blood Pledge,0.5584415584415584
Kirby's Dream Land 3,0.5454545454545454
Illusion of Gaia,0.5324675324675324
Guacamelee! Gold Edition,0.5324675324675324
LEGO The Lord of the Rings,1.0649350649350648
Age of Empires,0.5194805194805194
My Twin Brother Made Me Crossdress As Him and Now I Have to Deal with a Geeky Stalker and a Domme Beauty Who Want Me in a Bind!!,0.5194805194805194
Overlord II,0.5194805194805194
StarTropics,0.5194805194805194
Tetris: The Grand Master,0.5194805194805194
Mega Man Legends,0.5064935064935064
Mario Kart DS,1.974025974025974
Tony Hawk's Pro Skater,0.4805194805194805
The Legend of Zelda: Oracle of Ages,0.4805194805194805
Kirby: Nightmare in Dream Land,0.4675324675324675
Arcanum: Of Steamworks and Magick Obscura,0.4675324675324675
Ninja Gaiden III: The Ancient Ship of Doom,0.4675324675324675
Chowderchu,0.4155844155844156
Super Monkey Ball Deluxe,0.4155844155844156
Risk: Factions,0.4155844155844156
Fate/Extella: The Umbral Star,0.38961038961038963
New Super Mario Bros.,0.38961038961038963
Trauma Center: New Blood,0.36363636363636365
Kirby: Squeak Squad,0.36363636363636365
Final Fantasy Tactics: The War of the Lions,0.36363636363636365
Blaster Master,0.35064935064935066
Old Spice Games,0.5194805194805194
Super Monkey Ball: Banana Blitz,0.33766233766233766
Pepsiman,0.3246753246753247
Castlevania: Rondo of Blood,0.3246753246753247
Defunct,0.3246753246753247
Metal Gear Solid: Peace Walker,0.3246753246753247
Blast Corps,0.3246753246753247
Metroid Prime 3: Corruption,0.3116883116883117
The Ball,0.6233766233766234
Super Mario 64 DS,0.3116883116883117
Star Wars Battlefront,0.3116883116883117
Sonic Advance 2,0.3116883116883117
Metal Gear Solid 4: Guns of the Patriots,0.3116883116883117
Mega Man Zero 3,0.2987012987012987
Kirby: Planet Robobot,0.2857142857142857
Hexen: Beyond Heretic,0.2857142857142857
Iji,0.2857142857142857
Exploration,0.2727272727272727
Monster Rancher 2,0.2727272727272727
Brain Age: Train Your Brain in Minutes a Day!,0.2727272727272727
Transport Tycoon Deluxe,0.2727272727272727
Mega Man ZX Advent,0.2597402597402597
Metro Sim Hustle,0.2597402597402597
Azure Striker GUNVOLT 2,0.2597402597402597
Tetris with Cardcaptor Sakura: Eternal Heart,0.2597402597402597
Phantasmagoria,0.4935064935064935
Sonic Advance 3,0.24675324675324675
Mega Man Network Transmission,0.24675324675324675
LittleBigPlanet 2,0.24675324675324675
RISK: The Game of Global Domination,0.4675324675324675
Game & Wario,0.22077922077922077
Bionic Commando Rearmed,0.22077922077922077
QuackShot starring Donald Duck,0.2077922077922078
Shadow Tactics: Blades of the Shogun,0.2077922077922078
Blood II: The Chosen,0.19480519480519481
Rocket: Robot on Wheels,0.19480519480519481
Mega Man Zero 2,0.19480519480519481
Superman,0.19480519480519481
Rhythm Tengoku: The Best Plus,0.18181818181818182
Home Run Derby VR,0.18181818181818182
Trauma Center: Under the Knife 2,0.6233766233766234
Mystery Science Theater 3000,0.15584415584415584
Sparkster,0.15584415584415584
Karaoke,0.11688311688311688
Shoppe Keep,0.06493506493506493
Space Hulk: Deathwing,0.05194805194805195
Breakaway,0.03896103896103896
RNC 2016,0.025974025974025976
